{
  "optimal_thresholds": {
    "5": 0.946911722474807,
    "10": 1.2542369871380763,
    "30": 1.6014754054926539,
    "60": 1.9491138183953793
  },
  "cv_metrics": {
    "5": {
      "f1": 0.7735339564344698,
      "f1_std": 0.03477776862757168,
      "n_samples": 400
    },
    "10": {
      "f1": 0.7696272192807603,
      "f1_std": 0.03477776862757168,
      "n_samples": 400
    },
    "30": {
      "f1": 0.7579070078196319,
      "f1_std": 0.03477776862757168,
      "n_samples": 400
    },
    "60": {
      "f1": 0.7422800592047941,
      "f1_std": 0.03477776862757168,
      "n_samples": 400
    }
  },
  "procedure": {
    "method": "stratified_kfold",
    "n_splits": 5,
    "num_windows": 400,
    "description": "Threshold optimization for Experiment 7 (SWAT attribution)",
    "horizons": [
      5,
      10,
      30,
      60
    ]
  }
}